performanceIndex,measure,occurrence,timeSeconds
1,1,1,0.986
2,2,1,2.256
3,3,1,3.911
4,4,1,5.134
5,5,1,7.022
6,6,1,7.578
7,7,1,8.133
8,8,1,8.911
9,9,1,10.289
10,10,1,11.200
11,11,1,12.156
12,12,1,12.911
13,13,1,13.900
14,14,1,14.622
15,15,1,15.267
16,16,1,15.933
17,17,1,16.633
18,18,1,17.244
19,19,1,18.400
20,20,1,18.956
21,21,1,20.067
22,22,1,22.067
23,23,1,23.133
24,24,1,25.578
25,25,1,26.133
26,26,1,26.689
27,27,1,27.489
28,28,1,28.400
29,29,1,29.156
30,30,1,29.911
31,31,1,30.467
32,32,1,31.244
33,33,1,32.267
34,34,1,32.933
35,35,1,33.578
36,36,1,34.444
37,37,1,35.300
38,38,1,36.156
39,39,1,36.767
40,40,1,37.500
41,41,1,38.244
42,42,1,39.178
43,43,1,39.733
44,44,1,40.489
45,45,1,41.044
46,46,1,41.600
47,47,1,42.511
48,48,1,43.589
49,49,1,44.667
50,50,1,45.222
51,51,1,45.967
52,52,1,46.533
53,53,1,47.089
54,54,1,47.644
55,55,1,48.200
56,56,1,48.911
57,57,1,49.989
58,58,1,50.855
59,59,1,51.978
60,60,1,52.733
61,61,1,53.333
62,62,1,54.133
63,63,1,55.400
64,64,1,55.956
65,65,1,56.722
66,66,1,57.533
67,67,1,58.422
68,68,1,59.167
69,69,1,59.733
70,70,1,60.522
71,71,1,61.444
72,72,1,62.200
73,73,1,62.933
74,74,1,63.778
75,75,1,64.667
76,76,1,65.222
77,77,1,65.967
78,78,1,66.767
79,79,1,67.489
80,80,1,68.267
81,81,1,69.100
82,82,1,69.833
83,83,1,70.567
84,84,1,71.467
85,85,1,72.044
86,86,1,72.978
87,87,1,73.700
88,88,1,74.478
89,89,1,75.267
90,90,1,76.200
91,91,1,76.933
92,92,1,77.567
93,93,1,78.300
94,94,1,79.022
95,95,1,79.578
96,96,1,80.700
97,97,1,81.333
98,98,1,82.089
99,99,1,83.000
100,100,1,83.633
101,101,1,84.367
102,102,1,85.100
103,103,1,85.844
104,104,1,86.867
105,105,1,87.533
106,106,1,88.133
107,107,1,88.844
108,108,1,89.600
109,109,1,90.333
110,110,1,90.911
111,111,1,91.667
112,112,1,92.433
113,113,1,93.267
114,114,1,93.933
115,115,1,94.533
116,116,1,95.289
117,117,1,96.200
118,118,1,96.756
119,119,1,97.311
120,120,1,98.300
121,121,1,99.044
122,122,1,99.978
123,123,1,100.200
124,124,1,101.115
125,1,2,102.183
126,2,2,103.667
127,3,2,106.244
128,4,2,108.067
129,5,2,109.733
130,6,2,110.289
131,7,2,111.044
132,8,2,111.900
133,9,2,112.833
134,10,2,113.511
135,11,2,114.267
136,12,2,114.822
137,13,2,115.645
138,14,2,116.533
139,15,2,117.289
140,16,2,117.989
141,17,2,118.800
142,18,2,119.556
143,19,2,120.311
144,20,2,120.867
145,21,2,121.555
146,22,2,124.378
147,23,2,125.733
148,24,2,127.489
149,25,2,128.044
150,26,2,128.600
151,27,2,129.356
152,28,2,130.111
153,29,2,130.900
154,30,2,131.633
155,31,2,132.378
156,32,2,133.133
157,33,2,133.933
158,34,2,134.444
159,35,2,135.000
160,36,2,136.156
161,37,2,136.822
162,38,2,137.800
163,39,2,138.433
164,40,2,139.267
165,41,2,140.000
166,42,2,140.689
167,43,2,141.289
168,44,2,142.200
169,45,2,142.756
170,46,2,143.911
171,47,2,144.467
172,48,2,145.022
173,49,2,145.578
174,50,2,146.933
175,51,2,147.489
176,52,2,148.044
177,53,2,148.600
178,54,2,149.156
179,55,2,149.711
180,56,2,150.300
181,57,2,151.300
182,58,2,152.333
183,59,2,153.289
184,60,2,154.067
185,61,2,154.900
186,62,2,155.711
187,63,2,156.511
188,64,2,157.100
189,65,2,158.222
190,66,2,158.867
191,67,2,159.700
192,68,2,160.289
193,69,2,161.044
194,70,2,161.900
195,71,2,162.556
196,72,2,163.267
197,73,2,163.900
198,74,2,164.644
199,75,2,165.578
200,76,2,166.300
201,77,2,167.033
202,78,2,167.867
203,79,2,168.600
204,80,2,169.333
205,81,2,169.967
206,82,2,170.867
207,83,2,171.433
208,84,2,172.367
209,85,2,173.100
210,86,2,173.878
211,87,2,174.844
212,88,2,175.600
213,89,2,176.156
214,90,2,176.922
215,91,2,177.700
216,92,2,178.433
217,93,2,179.267
218,94,2,180.067
219,95,2,180.889
220,96,2,181.489
221,97,2,182.400
222,98,2,182.956
223,99,2,183.667
224,100,2,184.300
225,101,2,185.033
226,102,2,185.778
227,103,2,186.533
228,104,2,187.333
229,105,2,188.044
230,106,2,188.800
231,107,2,189.533
232,108,2,190.167
233,109,2,190.867
234,110,2,191.622
235,111,2,192.267
236,112,2,192.933
237,113,2,193.689
238,114,2,194.444
239,115,2,195.100
240,116,2,195.956
241,117,2,196.711
242,118,2,197.267
243,119,2,197.856
244,120,2,198.978
245,121,2,199.533
246,122,2,200.489
247,123,2,200.600
248,124,2,201.626
249,125,1,202.694
250,126,1,204.067
251,127,1,205.667
252,128,1,207.289
253,129,1,207.844
254,130,1,208.500
255,131,1,209.356
256,132,1,210.022
257,133,1,210.867
258,134,1,211.444
259,135,1,212.378
260,136,1,213.133
261,137,1,213.889
262,138,1,214.489
263,139,1,215.500
264,140,1,216.156
265,141,1,216.867
266,142,1,217.600
267,143,1,218.233
268,144,1,219.167
269,145,1,219.900
270,146,1,220.633
271,147,1,221.244
272,148,1,222.200
273,149,1,223.033
274,150,1,223.767
275,151,1,224.467
276,152,1,225.033
277,153,1,225.967
278,154,1,226.733
279,155,1,227.433
280,156,1,228.089
281,157,1,229.000
282,158,1,229.633
283,159,1,230.367
284,160,1,231.067
285,161,1,231.744
286,162,1,232.578
287,163,1,233.367
288,164,1,234.089
289,165,1,234.667
290,166,1,235.500
291,167,1,236.233
292,168,1,237.078
293,169,1,238.067
294,170,1,238.622
295,171,1,239.178
296,172,1,239.733
297,173,1,241.089
298,174,1,241.644
299,175,1,242.200
300,176,1,243.156
301,177,1,243.711
302,178,1,244.667
303,179,1,245.422
304,180,1,246.067
305,181,1,246.733
306,182,1,247.333
307,183,1,248.044
308,184,1,248.800
309,185,1,249.533
310,186,1,250.267
311,187,1,250.867
312,188,1,251.444
313,189,1,252.378
314,190,1,252.933
315,191,1,253.633
316,192,1,254.267
317,193,1,255.000
318,194,1,255.733
319,195,1,256.467
320,196,1,257.100
321,197,1,257.844
322,198,1,258.867
323,199,1,259.533
324,200,1,260.089
325,201,1,260.711
326,202,1,261.800
327,203,1,262.433
328,204,1,263.111
329,205,1,263.700
330,206,1,264.444
331,207,1,265.467
332,208,1,266.133
333,209,1,266.689
334,210,1,267.311
335,211,1,268.400
336,212,1,269.033
337,213,1,269.767
338,214,1,270.467
339,215,1,271.044
340,216,1,272.067
341,217,1,272.733
342,218,1,273.333
343,219,1,274.067
344,220,1,274.900
345,221,1,275.633
346,222,1,276.367
347,223,1,277.067
348,224,1,277.455
349,225,1,278.578
350,226,1,279.067
351,227,1,279.933
352,228,1,280.667
353,229,1,281.500
354,230,1,282.156
355,231,1,282.878
356,232,1,283.867
357,233,1,284.422
358,234,1,285.067
359,235,1,285.733
360,236,1,286.378
361,237,1,287.244
362,238,1,288.000
363,239,1,288.756
364,240,1,289.367
365,241,1,290.367
366,242,1,291.644
367,243,1,292.578
368,244,1,293.333
369,245,1,294.089
370,246,1,294.600
371,247,1,295.000
372,248,1,295.733
373,249,1,297.100
374,250,1,298.667
375,251,1,300.022
376,252,1,300.578
377,253,1,301.133
378,254,1,303.289
379,255,1,303.844
380,256,1,304.400
381,257,1,305.667
382,258,1,306.467
383,259,1,307.067
384,260,1,307.655
385,261,1,308.778
386,262,1,309.533
387,263,1,310.089
388,264,1,310.989
389,265,1,311.800
390,266,1,312.533
391,267,1,313.278
392,268,1,320.206
393,269,1,324.005
394,270,1,324.473
395,271,1,325.128
396,272,1,326.984
397,273,1,327.740
398,274,1,328.543
399,275,1,329.251
400,276,1,329.813
401,277,1,330.762
402,278,1,331.635
403,279,1,332.273
404,280,1,332.843
405,281,1,333.584
406,282,1,334.479
407,283,1,335.143
408,284,1,335.851
409,285,1,336.413
410,286,1,337.362
411,287,1,337.976
412,288,1,338.709
413,289,1,339.457
414,290,1,340.384
415,291,1,340.940
416,292,1,341.590
417,293,1,342.276
418,294,1,343.006
419,295,1,343.743
420,296,1,344.476
421,297,1,345.273
422,298,1,346.043
423,299,1,346.784
424,300,1,347.340
425,301,1,347.773
426,302,1,348.616
427,303,1,349.762
428,304,1,350.376
429,305,1,351.109
430,306,1,351.857
431,307,1,352.784
432,308,1,353.509
433,309,1,354.290
434,310,1,355.127
435,311,1,356.006
436,312,1,356.562
437,313,1,357.335
438,314,1,358.073
439,315,1,358.643
440,316,1,359.576
441,317,1,360.379
442,318,1,361.143
443,319,1,361.851
444,320,1,362.406
445,321,1,363.505
446,322,1,364.117
447,323,1,364.709
448,324,1,365.443
449,325,1,366.376
450,326,1,367.109
451,327,1,367.590
452,328,1,368.476
453,329,1,369.209
454,330,1,369.962
455,331,1,370.735
456,332,1,371.673
457,333,1,372.243
458,334,1,373.176
459,335,1,373.740
460,336,1,374.490
461,337,1,375.251
462,338,1,375.809
463,339,1,376.743
464,340,1,377.535
465,341,1,378.273
466,342,1,378.843
467,343,1,379.776
468,344,1,380.509
469,345,1,381.143
470,346,1,381.851
471,347,1,382.406
472,348,1,383.505
473,349,1,384.176
474,350,1,384.873
475,351,1,385.457
476,352,1,386.384
477,353,1,387.140
478,354,1,387.895
479,355,1,388.476
480,356,1,389.206
481,357,1,389.943
482,358,1,390.676
483,359,1,391.273
484,360,1,392.029
485,361,1,392.676
486,362,1,393.509
487,363,1,394.143
488,364,1,394.876
489,365,1,395.606
490,366,1,396.243
491,367,1,396.976
492,368,1,397.673
493,369,1,398.443
494,370,1,399.184
495,371,1,399.740
496,372,1,400.590
497,373,1,401.476
498,374,1,402.209
499,375,1,402.962
500,376,1,403.576
501,377,1,404.273
502,378,1,404.871
503,379,1,405.984
504,380,1,406.609
505,381,1,407.295
506,382,1,407.851
507,383,1,408.806
508,384,1,409.362
509,385,1,409.917
510,386,1,410.473
511,387,1,411.100
512,388,1,412.584
513,389,1,412.600
514,390,1,412.989
515,391,1,415.806
516,392,1,416.362
517,393,1,416.917
518,394,1,417.473
519,395,1,418.029
520,396,1,418.584
521,397,1,419.140
522,398,1,419.695
523,399,1,420.476
524,400,1,421.209
525,401,1,421.962
526,402,1,422.576
527,403,1,423.509
528,404,1,424.228
529,405,1,424.784
530,406,1,425.679
531,407,1,426.343
532,408,1,427.051
533,409,1,427.609
534,410,1,428.362
535,411,1,429.076
536,412,1,429.709
537,413,1,430.443
538,414,1,431.184
539,415,1,431.740
540,416,1,432.443
541,417,1,433.251
542,418,1,433.809
543,419,1,434.562
544,420,1,435.335
545,421,1,436.073
546,422,1,436.643
547,423,1,437.576
548,424,1,438.140
549,425,1,438.743
550,426,1,439.451
551,427,1,440.009
552,428,1,440.762
553,429,1,441.476
554,430,1,442.109
555,431,1,442.829
556,432,1,443.576
557,433,1,444.309
558,434,1,444.895
559,435,1,445.476
560,436,1,446.209
561,437,1,446.962
562,438,1,447.517
563,439,1,448.109
564,440,1,448.829
565,441,1,449.576
566,442,1,450.140
567,443,1,450.743
568,444,1,451.451
569,445,1,452.206
570,446,1,452.762
571,447,1,453.535
572,448,1,454.273
573,449,1,454.629
574,450,1,455.376
575,451,1,456.179
576,452,1,456.895
577,453,1,457.451
578,454,1,458.009
579,455,1,458.762
580,456,1,459.476
581,457,1,460.109
582,458,1,460.643
583,459,1,461.384
584,460,1,462.109
585,461,1,462.843
586,462,1,463.451
587,463,1,464.009
588,464,1,464.943
589,465,1,465.576
590,466,1,466.273
591,467,1,466.829
592,468,1,467.384
593,469,1,468.279
594,470,1,468.895
595,471,1,469.851
596,472,1,470.406
597,473,1,470.962
598,474,1,471.676
599,475,1,472.473
600,476,1,474.228
601,477,1,474.784
602,478,1,475.340
603,479,1,476.323
604,480,1,478.301
605,481,1,479.206
606,482,1,479.762
607,483,1,480.317
608,484,1,485.273
609,485,1,485.843
610,486,1,486.676
611,487,1,487.509
612,488,1,488.295
613,489,1,488.876
614,490,1,489.609
615,491,1,490.362
616,492,1,491.235
617,493,1,491.873
618,494,1,492.643
619,495,1,493.384
620,496,1,494.140
621,497,1,494.695
622,498,1,495.476
623,499,1,496.806
624,500,1,498.509
625,501,1,499.517
626,502,1,500.000
